[
    {
        "channel_name": "channel 1",
        "description": "",
        "total_linked_device": 10,
        "total_linked_location": 5,
        "total_linked_branch": 4,
        "inserted_at": "4/2/2020",
        "updated_at": "4/2/2020",
        "schedule_now": "schedule 1",
        "schedule_next": "schedule 2",
        "playlist_now": "playlist 1",
        "playlist_next": "playlist 2",
        "idle": false,
        "status": false,
        "created_by": "Qubit",
        "linked_device": [
            {
                "branchID": "branch 1",
                "locations": [
                    {
                        "locationID": "location 1",
                        "floor": "L1",
                        "devices": [
                            {
                                "deviceID": " device 1",
                                "online": true
                            },
                            {
                                "deviceID": " device 2",
                                "online": false
                            }
                        ]
                    },
                    {
                        "locationID": "location 2",
                        "floor": "L1",
                        "devices": [
                            {
                                "deviceID": " device 1",
                                "online": true
                            },
                            {
                                "deviceID": " device 2",
                                "online": false
                            }
                        ]
                    }
                ]
            },
            {
                "branchID": "branch 2",
                "locations": [
                    {
                        "locationID": "location 1",
                        "floor": "L1",
                        "devices": [
                            {
                                "deviceID": " device 1",
                                "online": true
                            },
                            {
                                "deviceID": " device 2",
                                "online": false
                            }
                        ]
                    }
                ]
            },
            {
                "branchID": "branch 3",
                "locations": [
                    {
                        "locationID": "location 1",
                        "floor": "L1",
                        "devices": [
                            {
                                "deviceID": " device 1",
                                "online": true
                            },
                            {
                                "deviceID": " device 2",
                                "online": false
                            }
                        ]
                    }
                ]
            },
            {
                "branchID": "branch 4",
                "locations": [
                    {
                        "locationID": "location 1",
                        "floor": "L1",
                        "devices": [
                            {
                                "deviceID": " device 1",
                                "online": true
                            },
                            {
                                "deviceID": " device 2",
                                "online": false
                            }
                        ]
                    }
                ]
            }
        ],
        "live": [
            {
                "time": "9:00",
                "data": [
                    {
                        "Schedule": "Schedule 1",
                        "data": [
                            {
                                "type": "playlist",
                                "name": "playlist 1",
                                "data": [
                                    {
                                        "type": "video",
                                        "name": "video1",
                                        "data": []
                                    },
                                    {
                                        "type": "video",
                                        "name": "video2",
                                        "data": []
                                    }
                                ]
                            },
                            {
                                "type": "playlist",
                                "name": "playlist 1",
                                "data": [
                                    {
                                        "type": "video",
                                        "name": "video1",
                                        "data": []
                                    },
                                    {
                                        "type": "video",
                                        "name": "video2",
                                        "data": []
                                    }
                                ]
                            }
                        ]
                    }
                ]
            },
            {
                "time": "10:00",
                "data": [
                    {
                        "Schedule": "Schedule 1",
                        "data": [
                            {
                                "type": "playlist",
                                "name": "playlist 1",
                                "data": [
                                    {
                                        "type": "video",
                                        "name": "video1",
                                        "data": []
                                    },
                                    {
                                        "type": "video",
                                        "name": "video2",
                                        "data": []
                                    }
                                ]
                            },
                            {
                                "type": "playlist",
                                "name": "playlist 1",
                                "data": [
                                    {
                                        "type": "video",
                                        "name": "video1",
                                        "data": []
                                    },
                                    {
                                        "type": "video",
                                        "name": "video2",
                                        "data": []
                                    }
                                ]
                            }
                        ]
                    }
                ]
            }
        ]
    },
    {
        "channel_name": "channel 2",
        "description": "",
        "total_linked_device": 20,
        "total_linked_location": 4,
        "total_linked_branch": 4,
        "inserted_at": "4/2/2020",
        "updated_at": "4/2/2020",
        "schedule_now": "schedule 1",
        "schedule_next": "schedule 2",
        "playlist_now": "playlist 1",
        "playlist_next": "playlist 2",
        "idle": true,
        "status": true,
        "created_by": "Qubit",
        "linked_device": [
            {
                "branchID": "branch 1",
                "locations": [
                    {
                        "locationID": "location 1",
                        "floor": "L1",
                        "devices": [
                            {
                                "deviceID": " device 1",
                                "online": true
                            },
                            {
                                "deviceID": " device 2",
                                "online": false
                            }
                        ]
                    }
                ]
            },
            {
                "branchID": "branch 2",
                "locations": [
                    {
                        "locationID": "location 1",
                        "floor": "L1",
                        "devices": [
                            {
                                "deviceID": " device 1",
                                "online": true
                            },
                            {
                                "deviceID": " device 2",
                                "online": false
                            }
                        ]
                    }
                ]
            }
        ],
        "live": [
            {
                "time": "9:00",
                "data": [
                    {
                        "Schedule": "Schedule 1",
                        "data": [
                            {
                                "type": "playlist",
                                "name": "playlist 1",
                                "data": [
                                    {
                                        "type": "video",
                                        "name": "video1",
                                        "data": []
                                    },
                                    {
                                        "type": "video",
                                        "name": "video2",
                                        "data": []
                                    }
                                ]
                            },
                            {
                                "type": "playlist",
                                "name": "playlist 1",
                                "data": [
                                    {
                                        "type": "video",
                                        "name": "video1",
                                        "data": []
                                    },
                                    {
                                        "type": "video",
                                        "name": "video2",
                                        "data": []
                                    }
                                ]
                            }
                        ]
                    }
                ]
            },
            {
                "time": "10:00",
                "data": [
                    {
                        "Schedule": "Schedule 1",
                        "data": [
                            {
                                "type": "playlist",
                                "name": "playlist 1",
                                "data": [
                                    {
                                        "type": "video",
                                        "name": "video1",
                                        "data": []
                                    },
                                    {
                                        "type": "video",
                                        "name": "video2",
                                        "data": []
                                    }
                                ]
                            },
                            {
                                "type": "playlist",
                                "name": "playlist 1",
                                "data": [
                                    {
                                        "type": "video",
                                        "name": "video1",
                                        "data": []
                                    },
                                    {
                                        "type": "video",
                                        "name": "video2",
                                        "data": []
                                    }
                                ]
                            }
                        ]
                    }
                ]
            }
        ]
    },
    {
        "channel_name": "channel 3",
        "description": "",
        "total_linked_device": 20,
        "total_linked_location": 4,
        "total_linked_branch": 4,
        "inserted_at": "4/2/2020",
        "updated_at": "4/2/2020",
        "schedule_now": "schedule 1",
        "schedule_next": "schedule 2",
        "playlist_now": "playlist 1",
        "playlist_next": "playlist 2",
        "idle": true,
        "status": true,
        "created_by": "Qubit",
        "linked_device": [
            {
                "branchID": "branch 1",
                "locations": [
                    {
                        "locationID": "location 1",
                        "floor": "L1",
                        "devices": [
                            {
                                "deviceID": " device 1",
                                "online": true
                            },
                            {
                                "deviceID": " device 2",
                                "online": false
                            }
                        ]
                    }
                ]
            },
            {
                "branchID": "branch 2",
                "locations": [
                    {
                        "locationID": "location 1",
                        "floor": "L1",
                        "devices": [
                            {
                                "deviceID": " device 1",
                                "online": true
                            },
                            {
                                "deviceID": " device 2",
                                "online": false
                            }
                        ]
                    }
                ]
            }
        ],
        "live": [
            {
                "time": "9:00",
                "data": [
                    {
                        "Schedule": "Schedule 1",
                        "data": [
                            {
                                "type": "playlist",
                                "name": "playlist 1",
                                "data": [
                                    {
                                        "type": "video",
                                        "name": "video1",
                                        "data": []
                                    },
                                    {
                                        "type": "video",
                                        "name": "video2",
                                        "data": []
                                    }
                                ]
                            },
                            {
                                "type": "playlist",
                                "name": "playlist 1",
                                "data": [
                                    {
                                        "type": "video",
                                        "name": "video1",
                                        "data": []
                                    },
                                    {
                                        "type": "video",
                                        "name": "video2",
                                        "data": []
                                    }
                                ]
                            }
                        ]
                    }
                ]
            },
            {
                "time": "10:00",
                "data": [
                    {
                        "Schedule": "Schedule 1",
                        "data": [
                            {
                                "type": "playlist",
                                "name": "playlist 1",
                                "data": [
                                    {
                                        "type": "video",
                                        "name": "video1",
                                        "data": []
                                    },
                                    {
                                        "type": "video",
                                        "name": "video2",
                                        "data": []
                                    }
                                ]
                            },
                            {
                                "type": "playlist",
                                "name": "playlist 1",
                                "data": [
                                    {
                                        "type": "video",
                                        "name": "video1",
                                        "data": []
                                    },
                                    {
                                        "type": "video",
                                        "name": "video2",
                                        "data": []
                                    }
                                ]
                            }
                        ]
                    }
                ]
            }
        ]
    }
]