[
    {
        "time":"09:00:00",
        "repeat":["Mon", "Wed", "Tue"],
        "input":"HDMI"
    },
    {
        "time":"19:00:00",
        "repeat":["Once"],
        "input":"HDMI"
    },
    {
        "time":"09:30:00",
        "repeat":["Once"],
        "input":"HDMI"
    },
    {
        "time":"09:00:30",
        "repeat":["Once"],
        "input":"HDMI"
    },
    {
        "time":"04:00:00",
        "repeat":["Daily"],
        "input":"HDMI"
    },
    {
        "time":"12:00:00",
        "repeat":["Once"],
        "input":"HDMI"
    },
    {
        "time":"19:30:00",
        "repeat":["Mon", "Wed", "Tue"],
        "input":"HDMI"
    }
]