[
    {
        "branch_id":"xxx1-xxxx-xxxx-xxxx",
        "branch_name":"branch 1",
        "branch_info":[
            {
                "location_key":"xxx1-xxx1-xxx1-xxxx",
                "location_name":"location 1",
                "floor":"L1",
                "devices":[
                    {
                        "device_id":"xxx1-xxx1-xxx1-xxx1",
                        "device_name":"device 1",
                        "online": true
                    },
                    {
                        "device_id":"xxx1-xxx1-xxx1-xxx2",
                        "device_name":"device 2",
                        "online": false
                    }
                ]
            },
            {
                "location_key":"xxx1-xxx1-xxx2-xxxx",
                "location_name":"location 1",
                "floor":"L2",
                "devices":[
                    {
                        "device_id":"xxx1-xxx1-xxx2-xxx1",
                        "device_name":"device 1",
                        "online": true
                    },
                    {
                        "device_id":"xxx1-xxx1-xxx2-xxx2",
                        "device_name":"device 2",
                        "online": false
                    }
                ]
            },
            {
                "location_key":"xxx1-xxx2-xxx1-xxxx",
                "location_name":"location 2",
                "floor":"L1",
                "devices":[
                    {
                        "device_id":"xxx1-xxx2-xxx1-xxx1",
                        "device_name":"device 1",
                        "online": true
                    },
                    {
                        "device_id":"xxx1-xxx2-xxx1-xxx2",
                        "device_name":"device 2",
                        "online": false
                    }
                ]
            }
        ]
    },
    {
        "branch_id":"xxx2-xxxx-xxxx-xxxx",
        "branch_name":"branch 2",
        "branch_info":[
            {
                "location_key":"xxx2-xxx1-xxx1-xxxx",
                "location_name":"location 1",
                "floor":"L1",
                "devices":[
                    {
                        "device_id":"xxx2-xxx1-xxx1-xxx1",
                        "device_name":"device 1",
                        "online": true
                    },
                    {
                        "device_id":"xxx2-xxx1-xxx1-xxx2",
                        "device_name":"device 2",
                        "online": false
                    },
                    {
                        "device_id":"xxx2-xxx1-xxx1-xxx3",
                        "device_name":"device 3",
                        "online": false
                    }
                ]
            },
            {
                "location_key":"xxx2-xxx2-xxx2-xxxx",
                "location_name":"location 2",
                "floor":"L2",
                "devices":[
                    {
                        "device_id":"xxx2-xxx2-xxx2-xxx1",
                        "device_name":"device 1",
                        "online": true
                    },
                    {
                        "device_id":"xxx2-xxx2-xxx2-xxx2",
                        "device_name":"device 2",
                        "online": false
                    }
                ]
            }
        ]
    },
    {
        "branch_id":"xxx3-xxxx-xxxx-xxxx",
        "branch_name":"branch 3",
        "branch_info":[
            {
                "location_key":"xxx3-xxx1-xxx1-xxxx",
                "location_name":"location 1",
                "floor":"L1",
                "devices":[
                    {
                        "device_id":"xxx3-xxx1-xxx1-xxx1",
                        "device_name":"device 1",
                        "online": true
                    },
                    {
                        "device_id":"xxx3-xxx1-xxx1-xxx2",
                        "device_name":"device 2",
                        "online": false
                    }
                ]
            }
        ]
    },
    {
        "branch_id":"xxx4-xxxx-xxxx-xxxx",
        "branch_name":"branch 4",
        "branch_info":[
            {
                "location_key":"xxx4-xxx1-xxx1-xxxx",
                "location_name":"location 1",
                "floor":"L1",
                "devices":[
                    {
                        "device_id":"xxx4-xxx1-xxx1-xxx1",
                        "device_name":"device 1",
                        "online": true
                    }
                ]
            }
        ]
    }
]