[
    {
        "branch_id":"xxx1-xxxx-xxxx-xxxx",
        "branch_ip":"0.0.0.0",
        "connected":true,
        "branch_name":"branch 1",
        "total_device": 6,
        "device_online": 3,
        "device_offline": 3,
        "branch_info":[
            {
                "location_key":"xxx1-xxx1-xxx1-xxxx",
                "location_name":"location 1",
                "floor":"L1",
                "devices":[
                    {
                        "device_id":"xxx1-xxx1-xxx1-xxx1",
                        "device_name":"device 1",
                        "online": true,
                        "panel":true,
                        "device_ip":"0.0.0.0",
                        "model":"Samsung",
                        "serial_number":"1234567",
                        "playlist_name":"Playlist 1",
                        "layout_name":"Layout 1",
                        "schedule_name":"Schedule 1",
                        "channel_name":"Channel 1",
                        "app_version": "Version 1",
                        "firmware_version":"Version 1"
                    },
                    {
                        "device_id":"xxx1-xxx1-xxx1-xxx2",
                        "device_name":"device 2",
                        "online": false,
                        "panel":true,
                        "device_ip":"0.0.0.0",
                        "model":"Samsung",
                        "serial_number":"1234567",
                        "playlist_name":"Playlist 1",
                        "layout_name":"Layout 1",
                        "schedule_name":"Schedule 1",
                        "channel_name":"Channel 1",
                        "app_version": "Version 1",
                        "firmware_version":"Version 1"
                    }
                ]
            },
            {
                "location_key":"xxx1-xxx1-xxx2-xxxx",
                "location_name":"location 1",
                "floor":"L2",
                "devices":[
                    {
                        "device_id":"xxx1-xxx1-xxx2-xxx1",
                        "device_name":"device 1",
                        "online": true,
                        "panel":false,
                        "device_ip":"0.0.0.0",
                        "model":"Samsung",
                        "serial_number":"1234567",
                        "playlist_name":"Playlist 1",
                        "layout_name":"Layout 1",
                        "schedule_name":"Schedule 1",
                        "channel_name":"Channel 1",
                        "app_version": "Version 1",
                        "firmware_version":"Version 1"
                    },
                    {
                        "device_id":"xxx1-xxx1-xxx2-xxx2",
                        "device_name":"device 2",
                        "online": false,
                        "panel":true,
                        "device_ip":"0.0.0.0",
                        "model":"Samsung",
                        "serial_number":"1234567",
                        "playlist_name":"Playlist 1",
                        "layout_name":"Layout 1",
                        "schedule_name":"Schedule 1",
                        "channel_name":"Channel 1",
                        "app_version": "Version 1",
                        "firmware_version":"Version 1"
                    }
                ]
            },
            {
                "location_key":"xxx1-xxx2-xxx1-xxxx",
                "location_name":"location 2",
                "floor":"L1",
                "devices":[
                    {
                        "device_id":"xxx1-xxx2-xxx1-xxx1",
                        "device_name":"device 1",
                        "online": true,
                        "panel":false,
                        "device_ip":"0.0.0.0",
                        "model":"Samsung",
                        "serial_number":"1234567",
                        "playlist_name":"Playlist 1",
                        "layout_name":"Layout 1",
                        "schedule_name":"Schedule 1",
                        "channel_name":"Channel 1",
                        "app_version": "Version 1",
                        "firmware_version":"Version 1"
                    },
                    {
                        "device_id":"xxx1-xxx2-xxx1-xxx2",
                        "device_name":"device 2",
                        "online": false,
                        "panel": false,
                        "device_ip":"0.0.0.0",
                        "model":"Samsung",
                        "serial_number":"1234567",
                        "playlist_name":"Playlist 1",
                        "layout_name":"Layout 1",
                        "schedule_name":"Schedule 1",
                        "channel_name":"Channel 1",
                        "app_version": "Version 1",
                        "firmware_version":"Version 1"
                    }
                ]
            }
        ]
    },
    {
        "branch_id":"xxx2-xxxx-xxxx-xxxx",
        "branch_ip":"0.0.0.0",
        "connected":false,
        "branch_name":"branch 2",
        "total_device": 6,
        "device_online": 3,
        "device_offline": 3,
        "branch_info":[
            {
                "location_key":"xxx2-xxx1-xxx1-xxxx",
                "location_name":"location 1",
                "floor":"L1",
                "devices":[
                    {
                        "device_id":"xxx2-xxx1-xxx1-xxx1",
                        "device_name":"device 1",
                        "online": true,
                        "panel": true,
                        "device_ip":"0.0.0.0",
                        "model":"Samsung",
                        "serial_number":"1234567",
                        "playlist_name":"Playlist 1",
                        "layout_name":"Layout 1",
                        "schedule_name":"Schedule 1",
                        "channel_name":"Channel 1",
                        "app_version": "Version 1",
                        "firmware_version":"Version 1"
                    },
                    {
                        "device_id":"xxx2-xxx1-xxx1-xxx2",
                        "device_name":"device 2",
                        "online": false,
                        "panel": true,
                        "device_ip":"0.0.0.0",
                        "model":"Samsung",
                        "serial_number":"1234567",
                        "playlist_name":"Playlist 1",
                        "layout_name":"Layout 1",
                        "schedule_name":"Schedule 1",
                        "channel_name":"Channel 1",
                        "app_version": "Version 1",
                        "firmware_version":"Version 1"
                    },
                    {
                        "device_id":"xxx2-xxx1-xxx1-xxx3",
                        "device_name":"device 3",
                        "online": false,
                        "panel": false,
                        "device_ip":"0.0.0.0",
                        "model":"Samsung",
                        "serial_number":"1234567",
                        "playlist_name":"Playlist 1",
                        "layout_name":"Layout 1",
                        "schedule_name":"Schedule 1",
                        "channel_name":"Channel 1",
                        "app_version": "Version 1",
                        "firmware_version":"Version 1"
                    }
                ]
            },
            {
                "location_key":"xxx2-xxx2-xxx2-xxxx",
                "location_name":"location 2",
                "floor":"L2",
                "devices":[
                    {
                        "device_id":"xxx2-xxx2-xxx2-xxx1",
                        "device_name":"device 1",
                        "online": true,
                        "panel": false,
                        "device_ip":"0.0.0.0",
                        "model":"Samsung",
                        "serial_number":"1234567",
                        "playlist_name":"Playlist 1",
                        "layout_name":"Layout 1",
                        "schedule_name":"Schedule 1",
                        "channel_name":"Channel 1",
                        "app_version": "Version 1",
                        "firmware_version":"Version 1"
                    },
                    {
                        "device_id":"xxx2-xxx2-xxx2-xxx2",
                        "device_name":"device 2",
                        "online": false,
                        "panel": true,
                        "device_ip":"0.0.0.0",
                        "model":"Samsung",
                        "serial_number":"1234567",
                        "playlist_name":"Playlist 1",
                        "layout_name":"Layout 1",
                        "schedule_name":"Schedule 1",
                        "channel_name":"Channel 1",
                        "app_version": "Version 1",
                        "firmware_version":"Version 1"
                    }
                ]
            }
        ]
    },
    {
        "branch_id":"xxx3-xxxx-xxxx-xxxx",
        "branch_ip":"0.0.0.0",
        "connected":true,
        "branch_name":"branch 3",
        "total_device": 6,
        "device_online": 3,
        "device_offline": 3,
        "branch_info":[
            {
                "location_key":"xxx3-xxx1-xxx1-xxxx",
                "location_name":"location 1",
                "floor":"L1",
                "devices":[
                    {
                        "device_id":"xxx3-xxx1-xxx1-xxx1",
                        "device_name":"device 1",
                        "online": true,
                        "panel": false,
                        "device_ip":"0.0.0.0",
                        "model":"Samsung",
                        "serial_number":"1234567",
                        "playlist_name":"Playlist 1",
                        "layout_name":"Layout 1",
                        "schedule_name":"Schedule 1",
                        "channel_name":"Channel 1",
                        "app_version": "Version 1",
                        "firmware_version":"Version 1"
                    },
                    {
                        "device_id":"xxx3-xxx1-xxx1-xxx2",
                        "device_name":"device 2",
                        "online": false,
                        "panel": true,
                        "device_ip":"0.0.0.0",
                        "model":"Samsung",
                        "serial_number":"1234567",
                        "playlist_name":"Playlist 1",
                        "layout_name":"Layout 1",
                        "schedule_name":"Schedule 1",
                        "channel_name":"Channel 1",
                        "app_version": "Version 1",
                        "firmware_version":"Version 1"
                    }
                ]
            }
        ]
    },
    {
        "branch_id":"xxx4-xxxx-xxxx-xxxx",
        "branch_ip":"0.0.0.0",
        "connected":false,
        "branch_name":"branch 4",
        "total_device": 6,
        "device_online": 3,
        "device_offline": 3,
        "branch_info":[
            {
                "location_key":"xxx4-xxx1-xxx1-xxxx",
                "location_name":"location 1",
                "floor":"L1",
                "devices":[
                    {
                        "device_id":"xxx4-xxx1-xxx1-xxx1",
                        "device_name":"device 1",
                        "online": true,
                        "panel": true,
                        "device_ip":"0.0.0.0",
                        "model":"Samsung",
                        "serial_number":"1234567",
                        "playlist_name":"Playlist 1",
                        "layout_name":"Layout 1",
                        "schedule_name":"Schedule 1",
                        "channel_name":"Channel 1",
                        "app_version": "Version 1",
                        "firmware_version":"Version 1"
                    }
                ]
            }
        ]
    }
]

