[
    {
        "content":{
            "description": null,
            "duration": 0,
            "filename": "1588000843111-checkinbg.jpg",
            "format": "image",
            "format_type": "jpeg",
            "inserted_at": "2020-04-27T15:20:43",
            "is_folder": false,
            "is_selected": false,
            "is_used": true,
            "parent": "1587986507286-covid",
            "path": "/",
            "resolution": "1920x1080",
            "size": 899831,
            "title": "checkinbg.jpg",
            "updated_at": "2020-04-27T15:20:43",
            "uploaded_by": "qubit"
        },
        "top":0,
        "left":0,
        "duration":0,
        "is_selected":false
    },
    {
        "content":{
            "description": null,
            "duration": 205120,
            "filename": "1587986621053-Apink.mp4",
            "format": "video",
            "format_type": "mp4",
            "inserted_at": "2020-04-27T11:23:41",
            "is_folder": false,
            "is_selected": false,
            "is_used": true,
            "parent": "1587986519225-corona",
            "path": "/",
            "resolution": "1280x720",
            "size": 43306929,
            "title": "Apink.mp4",
            "updated_at": "2020-04-27T11:23:41",
            "uploaded_by": "qubit"
        },
        "top":0,
        "left":0,
        "duration":205120,
        "is_selected":false
    }
]