[
    {
        "text":"Sorry, I can't talk right now",
        "font_size": 16,
        "text_speed":8,
        "font_type":"arial",
        "font_colour":"white",
        "background_colour":"black",
        "transparency":0,
        "text_scroll":"left",
        "top":0,
        "left":0,
        "is_selected":false
    },
    {
        "text":"I'm on my way",
        "font_size": 16,
        "text_speed":8,
        "font_type":"arial",
        "font_colour":"white",
        "background_colour":"black",
        "transparency":0,
        "text_scroll":"left",
        "top":0,
        "left":0,
        "is_selected":false
    },
    {
        "text":"Test",
        "font_size": 16,
        "text_speed":8,
        "font_type":"arial",
        "font_colour":"white",
        "background_colour":"black",
        "transparency":0,
        "text_scroll":"left",
        "top":0,
        "left":0,
        "is_selected":false
    },
    {
        "text":"I'm busy at moment please text me",
        "font_size": 16,
        "text_speed":8,
        "font_type":"arial",
        "font_colour":"white",
        "background_colour":"black",
        "transparency":0,
        "text_scroll":"left",
        "top":0,
        "left":0,
        "is_selected":false
    }
]