[
    {
        "time":"30/04/20 12:10PM",
        "event":"Power on",
        "triggered_by":"Remote"
    },
    {
        "time":"30/04/20 12:10PM",
        "event":"Power on",
        "triggered_by":"Remote"
    },
    {
        "time":"30/04/20 12:10PM",
        "event":"Power on",
        "triggered_by":"Remote"
    },
    {
        "time":"30/04/20 12:10PM",
        "event":"Power on",
        "triggered_by":"Remote"
    },
    {
        "time":"30/04/20 12:10PM",
        "event":"Power on",
        "triggered_by":"Remote"
    },
    {
        "time":"30/04/20 12:10PM",
        "event":"Power on",
        "triggered_by":"Remote"
    }
]