[
    {
        "playlist_name":"playlist 1",
        "status":false,
        "size":23454,
        "duration":3234545,
        "created_by":"qubit",
        "updated_at": "2020-04-20T11:03:22",
        "inserted_at": "2020-04-20T11:03:22",
        "template":{
            "background": "color",
            "bg_color": "white",
            "bg_image": null,
            "height": 1080,
            "inserted_at": "2020-04-20T11:03:22",
            "name": "Template 1",
            "type": "landscape",
            "updated_at": "2020-04-20T11:03:22",
            "width": 1920,
            "zones": [
                {
                    "background": "color",
                    "bg_color": "white",
                    "bg_image": null,
                    "height": 1080,
                    "inserted_at": "2020-04-27T15:11:05",
                    "left": 0,
                    "name": "Main",
                    "top": 0,
                    "updated_at": "2020-04-27T15:11:05",
                    "width": 1920
                }
            ]
        },
        "content":[
            {
                "playlist_name":"playlist 1",
                "zone":"Main",
                "priority":0,
                "duration":3234545,
                "content":[
                    {
                        "playlist_name":"playlist 1",
                        "title":"playlist new",
                        "priority":0,
                        "type":"playlist",
                        "duration":3234545,
                        "size":23454,
                        "zone":"Main",
                        "content":[
                            {
                                "playlist_name":"playlist new",
                                "title":"1588000843111-checkinbg.jpg",
                                "priority":0,
                                "type":"image",
                                "duration":243452,
                                "size":23454,
                                "zone":"",
                                "content":[]
                            },
                            {
                                "playlist_name":"playlist new",
                                "title":"1588000843389-bg-inside.jpg",
                                "priority":1,
                                "type":"image",
                                "duration":34563,
                                "size":23454,
                                "zone":"",
                                "content":[]
                            }
                        ]
                    },
                    {
                        "playlist_name":"playlist 1",
                        "title":"1588000843111-checkinbg.jpg",
                        "priority":0,
                        "type":"image",
                        "duration":243452,
                        "size":23454,
                        "zone":"",
                        "content":[]
                    }
                ]
            }
        ],
        "schedule":[
            {
                "name":"schedule 1",
                "date":"2.4.2020 3:33 PM"
            }
        ]
    },
    {
        "playlist_name":"playlist 2",
        "status":false,
        "size":23454,
        "duration":3234545,
        "created_by":"qubit",
        "updated_at": "2020-04-20T11:03:22",
        "inserted_at": "2020-04-20T11:03:22",
        "template":{
            "background": "color",
            "bg_color": "white",
            "bg_image": null,
            "height": 1080,
            "inserted_at": "2020-04-20T11:03:22",
            "name": "Template 1",
            "type": "landscape",
            "updated_at": "2020-04-20T11:03:22",
            "width": 1920,
            "zones": [
                {
                    "background": "color",
                    "bg_color": "white",
                    "bg_image": null,
                    "height": 1080,
                    "inserted_at": "2020-04-27T15:11:05",
                    "left": 0,
                    "name": "Main",
                    "top": 0,
                    "updated_at": "2020-04-27T15:11:05",
                    "width": 1920
                }
            ]
        },
        "content":[
            {
                "playlist_name":"playlist 2",
                "zone":"Main",
                "priority":0,
                "duration":3234545,
                "content":[
                    {
                        "playlist_name":"playlist 2",
                        "title":"playlist new",
                        "priority":0,
                        "type":"playlist",
                        "duration":3234545,
                        "size":23454,
                        "zone":"Main",
                        "content":[
                            {
                                "playlist_name":"playlist new",
                                "title":"1588000843111-checkinbg.jpg",
                                "priority":0,
                                "type":"image",
                                "duration":243452,
                                "size":23454,
                                "zone":"",
                                "content":[]
                            },
                            {
                                "playlist_name":"playlist new",
                                "title":"1588000843389-bg-inside.jpg",
                                "priority":1,
                                "type":"image",
                                "duration":34563,
                                "size":23454,
                                "zone":"",
                                "content":[]
                            }
                        ]
                    },
                    {
                        "playlist_name":"playlist 2",
                        "title":"1588000843111-checkinbg.jpg",
                        "priority":0,
                        "type":"image",
                        "duration":243452,
                        "size":23454,
                        "zone":"",
                        "content":[]
                    }
                ]
                
            }
        ],
        "schedule":[
            {
                "name":"schedule 1",
                "date":"2.4.2020 3:33 PM"
            }
        ]
    },
    {
        "playlist_name":"playlist 3",
        "status":false,
        "size":23454,
        "duration":3234545,
        "created_by":"qubit",
        "updated_at": "2020-04-20T11:03:22",
        "inserted_at": "2020-04-20T11:03:22",
        "template":{
            "background": "color",
            "bg_color": "white",
            "bg_image": null,
            "height": 1080,
            "inserted_at": "2020-04-20T11:03:22",
            "name": "Template 1",
            "type": "landscape",
            "updated_at": "2020-04-20T11:03:22",
            "width": 1920,
            "zones": [
                {
                    "background": "color",
                    "bg_color": "white",
                    "bg_image": null,
                    "height": 1080,
                    "inserted_at": "2020-04-27T15:11:05",
                    "left": 0,
                    "name": "Main",
                    "top": 0,
                    "updated_at": "2020-04-27T15:11:05",
                    "width": 1920
                }
            ]
        },
        "content":[
            {
                "playlist_name":"playlist 3",
                "zone":"Main",
                "priority":0,
                "duration":3234545,
                "content":[
                    {
                        "playlist_name":"playlist 3",
                        "title":"playlist new",
                        "priority":0,
                        "type":"playlist",
                        "duration":3234545,
                        "size":23454,
                        "zone":"Main",
                        "content":[
                            {
                                "playlist_name":"playlist new",
                                "title":"1588000843111-checkinbg.jpg",
                                "priority":0,
                                "type":"image",
                                "duration":243452,
                                "size":23454,
                                "zone":"",
                                "content":[]
                            },
                            {
                                "playlist_name":"playlist new",
                                "title":"1588000843389-bg-inside.jpg",
                                "priority":1,
                                "type":"image",
                                "duration":34563,
                                "size":23454,
                                "zone":"",
                                "content":[]
                            }
                        ]
                    },
                    {
                        "playlist_name":"playlist 3",
                        "title":"1588000843111-checkinbg.jpg",
                        "priority":0,
                        "type":"image",
                        "duration":243452,
                        "size":23454,
                        "zone":"",
                        "content":[]
                    }
                ]
                
            }
        ],
        "schedule":[
            {
                "name":"schedule 1",
                "date":"2.4.2020 3:33 PM"
            }
        ]
    },
    {
        "playlist_name":"playlist 4",
        "status":false,
        "size":23454,
        "duration":3234545,
        "created_by":"qubit",
        "updated_at": "2020-04-20T11:03:22",
        "inserted_at": "2020-04-20T11:03:22",
        "template":{
            "background": "color",
            "bg_color": "white",
            "bg_image": null,
            "height": 1080,
            "inserted_at": "2020-04-20T11:03:22",
            "name": "Template 1",
            "type": "landscape",
            "updated_at": "2020-04-20T11:03:22",
            "width": 1920,
            "zones": [
                {
                    "background": "color",
                    "bg_color": "white",
                    "bg_image": null,
                    "height": 1080,
                    "inserted_at": "2020-04-27T15:11:05",
                    "left": 0,
                    "name": "Main",
                    "top": 0,
                    "updated_at": "2020-04-27T15:11:05",
                    "width": 1920
                }
            ]
        },
        "content":[
            {
                "playlist_name":"playlist 4",
                "zone":"Main",
                "priority":0,
                "duration":3234545,
                "content":[
                    {
                        "playlist_name":"playlist 3",
                        "title":"1588000843111-checkinbg.jpg",
                        "priority":0,
                        "type":"image",
                        "duration":243452,
                        "size":23454,
                        "zone":"",
                        "content":[]
                    },
                    {
                        "playlist_name":"playlist 4",
                        "title":"1588000843111-checkinbg.jpg",
                        "priority":0,
                        "type":"image",
                        "duration":243452,
                        "size":23454,
                        "zone":"",
                        "content":[]
                    },
                    {
                        "playlist_name":"playlist 4",
                        "title":"1588000843111-checkinbg.jpg",
                        "priority":0,
                        "type":"image",
                        "duration":243452,
                        "size":23454,
                        "zone":"",
                        "content":[]
                    }
                ]
                
            }
        ],
        "schedule":[
            {
                "name":"schedule 1",
                "date":"2.4.2020 3:33 PM"
            }
        ]
    }
]