[
    {
        "name":"Template 4",
        "type":"Landscape",
        "width":1920,
        "height":1080,
        "background":"color",
        "bg_color":"red",
        "bg_image":null,
        "inserted_at":"2020-04-01T11:00:00",
        "updated_at":"2020-04-01T11:00:00",
        "zones":[
            {
                "template":"Template 4",
                "name":"main",
                "top":0,
                "left":0,
                "width":1920,
                "height":1080,
                "background":"color",
                "bg_color":"red",
                "bg_image":null,
                "inserted_at":"2020-04-01T11:00:00",
                "updated_at":"2020-04-01T11:00:00"
            }
        ]
    },
    {
        "name":"Template 5",
        "type":"Landscape",
        "width":1920,
        "height":1080,
        "background":"color",
        "bg_color":"red",
        "bg_image":null,
        "inserted_at":"2020-04-01T11:00:00",
        "updated_at":"2020-04-01T11:00:00",
        "zones":[
            {
                "template":"Template 5",
                "name":"main",
                "top":0,
                "left":0,
                "width":1920,
                "height":880,
                "background":"color",
                "bg_color":"red",
                "bg_image":null,
                "inserted_at":"2020-04-01T11:00:00",
                "updated_at":"2020-04-01T11:00:00"
            },
            {
                "template":"Template 5",
                "name":"banner",
                "top":0,
                "left":0,
                "width":1920,
                "height":200,
                "background":"color",
                "bg_color":"red",
                "bg_image":null,
                "inserted_at":"2020-04-01T11:00:00",
                "updated_at":"2020-04-01T11:00:00"
            }
        ]
    },
    {
        "name":"Template 6",
        "type":"Landscape",
        "width":1920,
        "height":1080,
        "background":"color",
        "bg_color":"red",
        "bg_image":null,
        "inserted_at":"2020-04-01T11:00:00",
        "updated_at":"2020-04-01T11:00:00",
        "zones":[
            {
                "template":"Template 6",
                "name":"main",
                "top":0,
                "left":0,
                "width":1920,
                "height":1080,
                "background":"color",
                "bg_color":"red",
                "bg_image":null,
                "inserted_at":"2020-04-01T11:00:00",
                "updated_at":"2020-04-01T11:00:00"
            }
        ]
    }
]