[
    {
        "name":"Template 1",
        "type":"Potrait",
        "width":1080,
        "height":1920,
        "background":"color",
        "bg_color":"red",
        "bg_image":null,
        "inserted_at":"2020-04-01T11:00:00",
        "updated_at":"2020-04-01T11:00:00",
        "zones":[
            {
                "template":"Template 1",
                "name":"main",
                "top":0,
                "left":0,
                "width":1080,
                "height":1920,
                "background":"color",
                "bg_color":"red",
                "bg_image":null,
                "inserted_at":"2020-04-01T11:00:00",
                "updated_at":"2020-04-01T11:00:00"
            }
        ]
    },
    {
        "name":"Template 2",
        "type":"Potrait",
        "width":1080,
        "height":1920,
        "background":"color",
        "bg_color":"red",
        "bg_image":null,
        "inserted_at":"2020-04-01T11:00:00",
        "updated_at":"2020-04-01T11:00:00",
        "zones":[
            {
                "template":"Template 2",
                "name":"main",
                "top":0,
                "left":0,
                "width":1080,
                "height":1720,
                "background":"color",
                "bg_color":"red",
                "bg_image":null,
                "inserted_at":"2020-04-01T11:00:00",
                "updated_at":"2020-04-01T11:00:00"
            },
            {
                "template":"Template 2",
                "name":"Banner",
                "top":0,
                "left":0,
                "width":1080,
                "height":200,
                "background":"color",
                "bg_color":"red",
                "bg_image":null,
                "inserted_at":"2020-04-01T11:00:00",
                "updated_at":"2020-04-01T11:00:00"
            }
        ]
    },
    {
        "name":"Template 3",
        "type":"Potrait",
        "width":1080,
        "height":1920,
        "background":"color",
        "bg_color":"red",
        "bg_image":null,
        "inserted_at":"2020-04-01T11:00:00",
        "updated_at":"2020-04-01T11:00:00",
        "zones":[
            {
                "template":"Template 3",
                "name":"main",
                "top":0,
                "left":0,
                "width":1080,
                "height":1920,
                "background":"color",
                "bg_color":"red",
                "bg_image":null,
                "inserted_at":"2020-04-01T11:00:00",
                "updated_at":"2020-04-01T11:00:00"
            }
        ]
    }
]