[
    {
        "branch":"branch 1",
        "type":"PM49H",
        "id":"Ticket 1",
        "ip":"00:00:00"
    },
    {
        "branch":"branch 2",
        "type":"PM49H",
        "id":"Ticket 1",
        "ip":"00:00:00"
    },
    {
        "branch":"branch 3",
        "type":"PM49H",
        "id":"Ticket 1",
        "ip":"00:00:00"
    },
    {
        "branch":"branch 4",
        "type":"PM49H",
        "id":"Ticket 1",
        "ip":"00:00:00"
    },
    {
        "branch":"branch 5",
        "type":"PM49H",
        "id":"Ticket 1",
        "ip":"00:00:00"
    },
    {
        "branch":"branch 6",
        "type":"PM49H",
        "id":"Ticket 1",
        "ip":"00:00:00"
    },
    {
        "branch":"branch 7",
        "type":"PM49H",
        "id":"Ticket 1",
        "ip":"00:00:00"
    },
    {
        "branch":"branch 8",
        "type":"PM49H",
        "id":"Ticket 1",
        "ip":"00:00:00"
    }
]